Product Name,Price
Nike Dunk Low Retro,$115
Nike Dunk Low,$115
"Air Jordan 1 High OG ""Royal Reimagined""",$180
Air Jordan Legacy 312 Low,$123.97
"Air Jordan 1 Low OG ""White/Red""",$140
Nike Blazer Phantom Mid,$150
Nike Zoom Vomero 5,$160
"Sabrina 1 ""West Coast Roots""",$130
Nike Vaporfly 3,$260
Nike Air Max 2017,$190
Nike P-6000,$110
Jordan Stay Loyal 3,$115
Jordan Jumpman Pro,$145
Nike Dunk High Retro SE,$119.97
Nike Air More Uptempo '96,$153.97
"Nike Air Trainer 1 ""College Football Playoff""",$140
Nike Air Max AP,$105
Nike M2K Tekno,$120
"Air Jordan XXXVIII ""Aqua""",$200
"KD16 ""B.A.D.""",$160
"Air Jordan 13 ""Wheat""",$200
"Air Jordan 8 ""Winterized""",$210
"Air Jordan 3 ""Fear""",$210
"Air Jordan 4 Craft ""Olive""",$210
Nike Air Force 1 '07,$125
Nike Blazer Mid '77,$93.97
Nike Dunk Low Retro Premium,$120
Tiger Woods '13,$250
Nike Air Max 270,$160
Nike Air Alpha Force 88,$140
Nike Air Flight Huarache,$93.97
Nike Air Penny 2 x Stüssy,$200
"Zion 3 ""Gen Zion""",$140
"Luka 2 ""Caves""",$130
Air Jordan 1 Mid,$125
Air Jordan 1 Zoom CMFT 2,$127.97
Nike Dunk Low Retro,$97.97
Nike Metcon 9 AMP,$160
Nike Air Max 1 Premium,$136.97
Nike Air Max 1,$105.97
Air Jordan 1 Mid SE,$135
Air Jordan 1 Low SE,$125
"LeBron XXI ""Abalone""",$150.97
LeBron NXXT Gen,$144.97
Nike Pegasus 40,$130
Nike Invincible 3,$180
Nike Full Force Low,$95
Nike Air Max 1 SC,$150
Nike Air Force 1 '07,$91.97
Nike Air Max 2013,$180
Nike Air Max Pulse Roam,$170
Nike Killshot 2 Leather,$90
Nike G.T. Cut 2 GTE,$153.97
Nike G.T. Hustle 2,$170
Nike G.T. Jump 2,$180
Freak 5,$105.97
Giannis Immortality 3,$76.97
Nike InfinityRN 4 GORE-TEX,$180
Nike InfinityRN 4,$160
Nike Air Max Penny,$153.97
Nike Air Max 90 GORE-TEX,$160
Nike Pegasus Trail 4 GORE-TEX,$160
Nike Vomero 17,$160
Nike Air VaporMax 2023 Flyknit,$210
Nike Air VaporMax Plus,$210
Nike Air Max 90,$130
Jordan Retro 6 G NRG,$230
Air Jordan 1 Low G NRG,$170
Air Jordan 1 High G NRG,$210
Nike Air Max Pulse,$150
"Air Jordan 2 ""Origins""",$175
Air Jordan 1 Low,$115
Nike Dunk Low Retro Premium,$125
Air Jordan 5 Retro,$200
Nike Air Force 1 '07 LX,$135
Nike Dunk High Retro,$106.97
Air Jordan 1 Mid SE,$114.97
Air Jordan 5 x A Ma Maniére,$225
Nike Air Max 97,$175
Nike Air Max Plus,$157.97
Jordan Winterized 6 Rings,$157.97
"Air Jordan 14 ""Black/White""",$200
Nike Cortez,$67.97
Air Jordan I High G,$180
Jordan Stadium 90,$140
Air Jordan 1 Mid SE,$107.97
Nike Court Legacy,$70
Jumpman Two Trey,$116.97
Nike Air Max 90,$110.97
Nike Air Max Terrascape Plus,$89.97
Air Jordan 1 Mid,$75.97
"Air Jordan 6 GORE-TEX ""Brown Kelp""",$250
Jordan True Flight,$120.97
Nike Air Force 1 '07 LV8,$101.97
Nike Air Force 1 '07 LV8,$114.97
Air Jordan XXXVII Low,$96.97
Air Jordan 1 Element,$200
Jordan True Flight,$150
Nike Air Force 1 '07 LV8,$125
Nike Manoa Leather,$80.97
Nike Air Force 1 '07,$97.97
NOCTA Air Force 1 Low,$160
Jordan Pro Strong,$116.97
Nike Air Force 1 Low Retro,$150
Nike Air Max Flyknit Racer,$89.97
Air Jordan 1 High Method of Make,$124.97
Nike Blazer Low '77 Vintage,$90
Nike Air Max 1,$52.97
Nike Air Force 1 '07 LV8 1,$135
Air Jordan 1 Low SE,$72.97
Nike Air Force 1 '07,$114.97
Air Jordan 1 Hi FlyEase,$150
Nike Air Max Scorpion Flyknit,$149.97
"Air Jordan 1 High OG ""Mauve""",$180
Nike Dunk Mid,$120
LeBron Witness 7,$64.97
Air Jordan 1 Elevate High,$87.97
Nike Air Force 1 '07 LX NBHD,$140
Air Jordan 1 Mid SE Craft,$114.97
Nike Free Run 2018,$84.97
Nike Victori One,$35
Air Jordan 1 Elevate Low,$81.97
Air Jordan 1 Retro High OG,$180
Nike Air Max 95 By You,$190
Nike Phantom GX Elite,$221.97
Jordan Nu Retro 1 Low,$78.97
Nike Court Vision Mid Next Nature,$67.97
Nike Mercurial Vapor 15 Elite,$212.97
Nike Infinity Pro 2,$120
Nike Revolution 7,$70
Nike SB React Leo,$64.97
Nike SB Zoom Janoski OG+,$64.97
Jordan One Take 4,$100
Roshe G Next Nature,$90
Nike Zoom Superfly Elite 2,$160
Nike Free Metcon 5 (Team),$102.97
Alabama A&M,$28.97
Nike Revolution 6,$70
Nike Air Max 97 Premium,$101.97
Nike E-Series AD,$75
Nike Phantom GX Pro,$136.97
Nike Mercurial Superfly 9 Elite By You,$305
Nike Elevate 3,$56.97
Nike Renew Elevate 3,$68.97
Freak 5 (Team),$119.97
Nike Huarache 9 Varsity LAX SE,$95
Nike Mercurial Vapor 15 Elite,$260
Nike Air Trainer 1,$110.97
Nike SB Zoom Blazer Mid,$67.97
AJKO 1 Low,$120
Nike Alpha Huarache Elite 4 Mid,$100
Nike Mercurial Superfly 9 Academy,$100
Nike Tiempo Legend 10 Elite,$230
Nike Victory Pro 3,$130
Nike Waffle Debut,$80
Nike Vapor Edge 360 VC,$84.97
"Luka 2 ""Trick Shot""",$130
Nike Mercurial Vapor 15 Academy,$85
Nike Infinity Ace Next Nature,$82.97
Nike Court Vintage Premium,$63.97
Nike Air Alpha Force 88,$130
Nike In-Season TR 13,$67.97
Nike ACG Lowcate,$115
Jordan ADG 4 x Eastside Golf,$205
Nike Force Zoom Trout 9 Pro,$90
Nike Alpha Huarache Elite 4 Low MCS,$90
Nike Mercurial Superfly 9 Academy,$71.97
Nike Air Max 1 '87 By You,$180
Nike Mercurial Superfly 9 Academy By You,$130
Nike SB Ishod Wair,$72.97
Nike Pegasus Turbo Next Nature SE,$89.97
Nike Pegasus Shield,$145
Nike Dunk Low Unlocked By You,$160
Nike Mercurial Vapor 15 Club,$65
Nike Air Max Plus,$180
Nike Flex Control 4,$64.97
Nike Air Force 1 Low By You,$135
Zion 2,$120
Nike Phantom GX Academy MG By You,$125
Jordan Delta 3 Low,$70.97
Nike Phantom GX Academy,$85
Nike Air Max 95 Unlocked By You,$215
Nike Vista,$38.97
Jordan Max Aura 5,$130
Nike Rival Sprint,$75
Nike Air Zoom Victory,$190
Nike SFB B1,$170
Nike Initiator,$75
Nike Blazer Mid '77 Premium,$82.97
Converse x TURBODRK Chuck 70 Laceless,$170
Nike Go FlyEase,$125
Nike Zoom Mercurial Superfly 9 Elite XXV FG,$247.97
Nike Air Max Alpha Trainer 5,$95
Spelman,$28.97
Nike V2K Run,$110
Nike Offcourt (Kentucky),$28.97
Nike MC Trainer 2,$63.97
Nike Air Penny 2,$170.97
Nike Gripknit Phantom GX Elite SG-Pro Anti-Clog By You,$315
Nike Air Zoom Victory Tour 3 NRG,$161.97
Nike Air Force 1 Mid '07,$95.97
Nike Griffey 2,$127.97
Nike Tiempo Legend 10 Pro,$140
Nike Air Zoom TR 1,$130
Nike Metcon 9 By You,$180
Nike College Air Max SYSTM (Florida),$110
NikeCourt Air Zoom Lite 3,$62.97
Nike ACG Air Mada,$130
Run Star Hike Platform,$105
Nike Pegasus 40 UAC,$103.97
Jordan ADG 4,$116.97
Nike Asuna 3 Next Nature,$45
Nike Downshifter 12,$49.97
Sabrina 1 By You,$160
NikeCourt Zoom Vapor Cage 4 Rafa,$127.97
KD Trey 5 X,$75.97
Nike Air Presto Mid Utility,$89.97
Nike Pegasus 40 (Florida State),$98.97
Nike Pegasus Trail 4 GORE-TEX By You,$190
Nike SB Zoom Blazer Low Pro GT,$85
Nike Pegasus 40 (North Carolina A&T),$98.97
Nike Air Max 97,$109.97
Cosmic Unity 3,$144.97
Nike Force Trout 9 Keystone,$55
Nike Flex Experience Run 12,$75
"Nike SFB Field 2 8"" GORE-TEX",$195
Nike Free RN By You,$130
LeBron Witness 8,$110
Nike Pegasus 40 By You,$160
NOCTA Hot Step Air Terra,$180
Giannis Immortality 2,$72.97
Nike Air Max Solo,$100
Nike Air Zoom Diamond Elite Turf,$120
Cosmic Unity 3,$170
"Luka 2 ""The Pitch""",$130
Nike Air Max SC,$76.97
Jordan XII G,$220
Nike Vapor Edge Elite 360 2,$210
NikeCourt Air Zoom Vapor 9.5 Tour Leather,$138.97
Nike Tanjun,$70
Nike Vapor Edge Speed 360 2,$85.97
Cosmic Unity 3 (Team),$123.97
Nike Offcourt Adjust,$40
Nike Court Vision Low Next Nature,$80
Nike Alpha Huarache Elite 4 Low (Team),$95
Nike Alpha Huarache Elite 4 Low,$72.97
Nike Rival Waffle 6,$70
Nike Kiger 9,$160
Nike Alpha Huarache NXT,$160
NikeCourt Air Zoom NXT,$119.97
Nike Air Zoom Victory Tour 3,$142.97
Nike Gripknit Phantom GX Elite Dynamic Fit AG By You,$305
Nike Court Vintage Premium,$68.97
Nike SB Chron 2 Canvas,$65
Nike Lunar Force 1,$157.97
Nike Zoom KD 3,$130
Nike Rival XC 6,$70
Nike Renew Ride 3,$85
Nike Internationalist By You,$110
Nike Phantom GX Academy,$85.97
Nike Vapor Edge Pro 360 2,$135
Nike Air Cross Trainer 3 Low,$84.97
Nike Air Force 1 Mid React,$105.97
Nike Air Max 97 By You Greatest Gift,$195
Nike Air Max 1 '86 OG G,$127.97
Nike Alpha Huarache NXT MCS,$150
Nike Air Force 1 Mid QS,$85.97
Nike Dunk High By You,$155
NikePremier 3,$93.97
NikeCourt Zoom Pro,$74.97
Nike Air Max LTD 3,$130
Nike Air Huarache Runner,$140
Nike SB Ishod Wair Premium,$74.97
Nike Space Hippie 01,$84.97
Nike Air Max Genome,$108.97
Nike Huarache 9 Elite LAX,$130
Nike Waffle One Leather,$90.97
Nike Air Force 1 Mid By You,$145
Nike Terminator High,$74.97
Nike Tiempo Legend 10 Academy,$80
LeBron Witness 7 (Team),$93.97
Nike Run Swift 3,$55.97
Jordan Play,$36.97
Run Star Hike Platform,$110
Nike Victori One,$25
NikeCourt Vapor Lite 2,$68.97
Nike x Ambush Air Adjust Force,$210
Nike Free RN NN,$87.97
Nike Air Zoom Infinity Tour NEXT% Boa,$150.97
Nike Air Force 1 '07 QS,$130
Nike Inflict SE,$115
Nike Phantom GX Club,$63.97
Nike Romaleos 4,$200
Jumpman MVP,$165
Nike Offcourt (USC),$28.97
Nike ISPA Universal,$80
Nike Phantom Luna,$110.97
Nike Air Max Cirro,$55
Nike Calm,$50
Nike Pegasus 40 (TCU),$98.97
Nike Streakfly,$118.97
Nike Offcourt (Oklahoma State),$28.97
Nike BRSB,$76.97
Delaware State,$28.97
Nike Cortez Unlocked By You,$130
Nike Offcourt,$40
Nike ACG Mountain Fly 2 Low,$150
Nike Blazer Mid '77 Vintage,$80.97
NikeCourt Air Zoom Vapor Pro 2,$120
Nike Downshifter 13,$75
Air Jordan 1 Low G,$140
Nike Mercurial Superfly 9 Pro,$170
Nike Metcon 9,$150
Nike Air Force 1 High '07,$130
Nike Phantom GX Elite,$242.97
Jordan 1 Retro MCS Low,$119.97
Nike Interact Run,$85
Nike Streetgato,$67.97
Nike Air Diamond Varsity Turf,$75
Air Jordan 1 Elevate High SE,$124.97
Nike SpeedSweep 7,$63
Nike Huarache 9 Varsity LAX,$90
Nike Winflo 9 Shield,$79.97
Nike Vapor Edge Speed 360 2 (Team),$85.97
Nike Air Huarache,$69.97
Jordan Hydro XI,$48.97
Nike HyperSpeed Court,$90
Nike Alpha Menace Pro 3,$84.97
Nike Legend Essential 3 Next Nature,$70
Nike Air Max 1 Premium,$160
Nike Blazer Mid '77 By You,$120
Nike Wildhorse 8,$140
Tatum 1 Team Bank,$102.97
Nike Savaleos,$125
Nike Air Foamposite One,$240
Nike Air Zoom Flight 95,$80.97
Nike Pegasus 40 (Oklahoma),$98.97
Norfolk State,$28.97
Nike Air Flight 89,$88.97
Nike Pegasus 40 (USWNT),$83.97
"Ja 1 ""Fly""",$102.97
NikeCourt Air Zoom Vapor 11,$136.97
Nike Air Alpha Force 88 x Billie,$130
Nike SB React Leo Premium,$68.97
Nike Air Zoom Infinity Tour NEXT% Shield,$190
Nike Air Kukini,$77.97
Nike Zoom Mamba 6,$120
Nike Impact 4,$80.97
Nike Force Trout 9 Pro MCS,$75
Nike Force Savage Pro 2,$85.97
Nike Manoa,$95
Nike Retro GTS,$55.97
Nike Air Force 1 '07,$101.97
Sabrina 1 (Team),$97.97
Nike Rival Jump,$75
Nike Pegasus FlyEase,$130
Nike Blazer Mid '77 EMB,$82.97
Nike Pegasus 40 (USC),$98.97
Nike Air Max Plus,$131.97
Nike Air Presto,$89.97
Sabrina 1 By Sabrina,$160
Nike Juniper Trail 2 GORE-TEX,$130
ISPA Mindbody,$99.97
Nike Tiempo Legend 10 Elite,$240
Nike Air Max 90 By You,$150
Nike Mercurial Vapor 15 Pro,$120
Nike Offcourt (Texas),$28.97
Nike Air Zoom Generation,$104.97
Nike Lunargato II,$102.97
Nike Air Max 97 By You,$195
Nike Air Force 1 '07 LV8,$110.97
Nike Cosmic Unity 2,$94.97
Nike Quest 5,$85
Nike Court Legacy Suede,$80
Nike Air Force 1 High By You,$150
Nike Phantom GX Pro,$120.97
Nike Phantom GX Academy,$72.97
Nike Air Force 1 Low SP x UNDERCOVER,$82.97
Nike Air Zoom LJ Elite,$160
Nike Rival Fly 3,$65.97
Nike Pegasus 40 (Duke),$98.97
Nike Air Max Pre-Day LX,$70.97
Nike Dunk High Unlocked By You,$165
Nike Tanjun EasyOn,$70
Nike Air Force 1 Sculpt Unlocked By You,$180
Nike Air Dunk Jumbo,$125
KD16 (Team),$136.97
Nike Phantom GX Academy Dynamic Fit MG By You,$130
Nike Calm,$60
Nike Waffle One,$78.97
Nike Offcourt (Florida State),$28.97
Nike Force Zoom Trout 9 Elite,$140
Nike ACG Watercat+,$125
Nike Mercurial Superfly 9 Club,$63.97
Nike Winflo 10,$105
Nike Mercurial Vapor 15 Academy By You,$115
Nike Air Max 95,$92.97
Nike Air Max Impact 4,$72.97
Nike Blazer Mid '77 SE,$79.97
NikeCourt Lite 4,$80
Nike Rival Multi,$75
Nike Air Monarch IV,$80
Nike Fury,$90
Nike Air Zoom HyperAce 2 SE,$106.97
Tennessee State,$28.97
Converse Chuck Taylor All Star High Top,$65
Nike Alpha Huarache Varsity 4 Low,$70
Nike SB Pogo,$67.97
Nike Air Force 1 '07 High,$130
Nike Air Zoom Victory Tour 3,$190
Nike ACG Moc,$49.97
Nike Blazer Low '77 By You,$115
Nike React SFB Carbon,$170
"Jordan Why Not .6 ""Childhood""",$105.97
Nike Vapor Edge Shark 2,$55
Nike Air Max Plus x A-COLD-WALL*,$220
Nike Air More Uptempo,$72.97
Nike Mercurial Superfly 9 Elite,$285
Nike Flex Experience Run 11,$55.97
Nike Pegasus 39,$130
Nike SB Bruin High,$90
Nike ISPA Sense Flyknit,$100.97
Nike Court Vision Mid Winter,$85.97
Nike Phantom Luna FG By You,$150
Nike Pegasus 40 (Florida),$98.97
NikeCourt Air Zoom GP Turbo Naomi Osaka Premium,$127.97
Nike Spark Flyknit,$92.97
Air Pegasus '89 G,$120
Nike SFB B2,$170
Nike Offcourt (LSU),$28.97
Nike Air Force 1 '07,$93.97
Nike Alpha Menace 3 Shark,$35.97
Nike Invincible 3 By You,$210
Dunk High Warped Unlocked By You Greatest Gift,$165
Nike Dunk Low By Kamryn,$150
Nike ACG Mountain Fly Low SE,$150
KD16 By You,$190
Nike Air Max Excee,$80.97
Nike Air Zoom Tiger Woods '20,$136.97
Nike Phantom GT2 Elite FG,$175.97
Nike Air Force 1 '07 WB,$140
Nike Air Presto By You,$150
LeBron Soldier 14,$119.97
Nike Pegasus FlyEase By You,$160
Jordan 1 Retro Metal,$150
Nike Terminator High (Tuskegee),$150
NikeCourt Air Zoom Vapor Pro 2 Premium,$105.97
Nike Dunk High Warped Unlocked By You,$165
Nike Air Max TW,$136.97
Jordan 1 Mid TD,$120.97
"Nike Alpha Menace Elite 3 ""Travis Kelce""",$110.97
Nike Air Zoom Infinity Tour NEXT% NRG,$180
Nike Reax 8 TR,$90
Nike Dunk Low By Talisha,$150
Nike Mercurial Superfly 9 Academy,$95
Nike G.T. Cut 2,$144.97
Nike Terminator High (Tennessee State),$150
Nike Pegasus Trail 4,$140
Nike Pegasus 38 Shield,$109.97
Nike Roshe One,$59.97
Nike Alpha Menace Elite 3,$153.97
Nike Air Humara,$160
Nike InfinityRN 4 By You,$190
Nike ACG Air Deschutz+ SE,$85
Nike Dunk Low By You,$150
Nike Mercurial Vapor 15 Academy,$76.97
Nike Dunk Low By Naomi,$150
Nike Air Max 90 G,$130
Nike Pegasus 40 (Michigan State),$98.97
Nike SB Zoom Blazer Mid,$90
Nike React SFB Carbon Low,$145
Nike Pegasus 40 (FAMU),$98.97
Nike Offline 2.0 PRM,$119.97
Nike Dunk Low By Emily,$150
Converse Custom Chuck Taylor All Star High Top,$85
Nike Air VaporMax Moc Roam,$220
Nike Pegasus 40 (Clemson),$98.97
Nike SB Force 58,$80
"Nike SFB 6"" Leather",$155
Nike Phantom Luna Elite,$275
Nike G.T. Cut 2 (Team),$144.97
Nike Air Huarache By You,$130
Nike Air Force 1 Mid Evo,$116.97
Nike Zegama,$118.97
Air Jordan 11 CMFT Low,$110.97
Nike Blazer Mid '77 Vintage,$105
Nike Air Force 1 SP,$155
Nike Air Force 1 '07 EasyOn,$115
Nike SFB Gen 2 8”,$145
Bethune-Cookman,$28.97
Jordan Delta 3 Nitro Low,$90.97
Nike Metcon 8 AMP,$97.97
Nike Air Zoom Maxfly,$190
Nike SuperRep Go 3 Next Nature Flyknit,$70.97
Freak 5 By You,$160
Nike College Air Max SYSTM (Michigan),$110
Nike Woodside 2,$125
Nike Mercurial Vapor 15 Elite By You,$280
Nike Air Force 1 Crater Flyknit Next Nature,$110.97
Jordan Retro 6 G NRG,$220
Nike Air Force 1 '07 Pro-Tech,$155
Nike Air Trainer 1,$130
Jordan One Take 5,$100
Nike Oneonta Next Nature,$49.97
Nike Rival Distance,$75
Nike Mercurial Vapor 15 Pro,$136.97
"Nike SFB Gen 2 8"" Leather",$145
"Nike SFB Jungle 8"" Leather",$153.97
KD16 By infamouskayce,$190
Nike Terminator High (Alabama A&M),$150
Morehouse,$28.97
Nike Triple Jump Elite 2,$135
Nike ACG Air Deschütz +,$67.97
Jordan Retro 6 G,$230
Jordan Hydro 4 Retro,$65
Nike Offcourt (UNC),$28.97
UCLA,$28.97
Nike Pegasus 40 (Colorado),$140
"Tatum 1 ""Away Team""",$120
"Nike SFB Field 2 8"" Leather",$144.97
Nike Cortez Platform Unlocked By You,$130
Nike Air Force 1 Mid '07,$125
"Air Jordan 3 ""Off Noir""",$200
Nike Terminator Low,$120
Nike Pegasus Trail 4 By You,$170
Nike Pegasus 40 (Norfolk State),$98.97
Nike SB Force 58 Premium,$85
Nike Zoom Fly 5 Premium,$170
Nike Ja Fly 4,$120
Nike Court Vision Low Next Nature,$68.97
Air Jordan 12 Low,$220
Nike Alpha Huarache 4 Keystone,$45
Converse Chuck Taylor All Star Low Top,$60
Nike React HyperSet,$135
Nike Zoom LeBron 2,$105.97
Nike Huarache 9 Elite Mid LAX SE,$135
Nike Phantom GX Academy,$67.97
Nike Dunk Low By Kelíta,$150
Nike Air Zoom Infinity Tour NRG,$153.97
Nike Revolution 7 EasyOn,$70
Nike Air Force 1 '07 LV8,$84.97
Nike Pegasus 40 (UCLA),$98.97
Nike Inflict,$110
Nike Pegasus 40 (Oregon),$98.97
Nike SB Zoom Blazer Mid,$53.97
Nike Zoom SD 4,$85
Freak 4,$130
Nike Tiempo Legend 10 Pro,$112.97
Jordan 1 Retro MCS,$150
Nike Mercurial Superfly 9 Club,$70
Nike Waffle One SE,$87.97
Nike Tawa,$150
Nike SB Nyjah 3 Premium,$74.97
Nike Air Force 1 '07,$115
Nike Zoom Javelin Elite 3,$160
Nike College Air Max SYSTM (Oregon),$110
Clark Atlanta,$28.97
Nike Vapor Edge Pro 360 2 (Team),$125
Nike Air Force 1 Mid '07,$123.97
Nike Alpha Menace Varsity 3,$60.97
Nike Air Zoom Infinity Tour,$136.97
"Cosmic Unity 3 ""A'ja Wilson""",$137.97
Nike Pegasus 40 (Kentucky),$98.97
Nike Superfly 9 Elite Mercurial Dream Speed,$295
Nike Structure 25,$140
Nike Huarache 9 Elite Low LAX SE,$125
Jordan Access,$110
Nike Tiempo Legend 10 Elite,$275
Nike Victori One,$28.97
"Air Jordan XXXVIII ""FIBA""",$170.97
Nike G.T. Cut Academy,$95
Luka 2 Team Bank,$110.97
Nike React Gato,$140
Nike GP Challenge Pro,$120
Nike Juniper Trail 2,$62.97
Nike Force Trout 8 Pro MCS,$47.97
"Air Jordan 2 Low ""Origins""",$150
Nike SB Chron 2,$56.97
Nike Attack SP,$140
Nike Air Force 1 LV8,$103.97
Nike Air Max 1 '86 OG G NRG,$153.97
Nike Terminator High,$125
Nike SuperRep Cycle 2 Next Nature,$130
Nike Zoom Rival SD 2,$70
"Luka 1 ""Next Nature""",$104.97
Nike Air Force 1 '07 LV8,$89.97
Jordan Granville Pro SP,$87.97
Nike Air Force 1 Low Retro,$82.97
Nike Zoom Blazer Mid Pro GT,$76.97
Nike ISPA Link Axis,$300
Nike Offcourt (Michigan State),$31.97
Nike Waffle One,$74.97
Nike Metcon 8,$103.97
Nike Pegasus 40 (Tennessee),$98.97
Nike Kwondo 1 x PEACEMINUSONE,$133.97
Nike Free Crater Trail Moc N7,$88.97
Nike Zoom GP Challenge 1,$160
Nike Air Max2 CB '94,$160
Nike React Phantom Run Flyknit 2,$119.97
Nike Precision 6 FlyEase,$80
Nike Pegasus 40 (Georgia),$98.97
Nike Offcourt (Tennessee),$28.97
Nike Magmascape x sacai,$200
Nike Huarache 9 Elite TF LAX,$100
Nike College Air Max SYSTM (Georgia),$110
Nike Alphafly 3 Proto,$285
Nike React HyperSet LE,$140
Nike High Jump Elite,$135
Nike ISPA Link,$112.97
Nike Pegasus 40 (Clark Atlanta),$98.97
Converse Custom Chuck Taylor All Star Low Top,$80
Nike Tiempo Legend 10 Academy,$63.97
NikeCourt Air Zoom GP Turbo Naomi Osaka,$119.97
NikeCourt Air Zoom Vapor Pro 2,$130
NikeCourt Vapor Lite 2 Premium,$71.97
Nike Air Span II,$65.97
Nike Phantom GX Elite,$195.97
Nike Tiempo Legend 10 Club,$60
Nike Court Legacy Canvas,$60
Nike Air Max 97 SE,$129.97
Nike Offcourt (Penn State),$31.97
Nike Pegasus 40 (Michigan),$98.97
Nike SB Zoom Blazer Mid Premium,$75.97
Nike Manoa Leather SE,$105
NikeCourt Air Zoom Vapor 11 Attack PRM,$135.97
Air Jordan 1 Mid SE Craft,$135
Nike College Air Max SYSTM (Alabama),$110
Nike SB Nyjah 3 PRM,$67.97
Nike x Social Status Air Penny 2,$200
Nike College Air Max SYSTM (Penn State),$110
Nike Tawa SE,$155
Converse x Kasina Weapon,$140
Nike Offcourt (Arizona),$28.97
NikeCourt Air Zoom Vapor 11 Attack,$190
NikeCourt Air Zoom Vapor 9.5 Tour,$117.97
North Carolina A&T,$28.97
Nike Offcourt (West Virginia),$28.97
Nike Pegasus 40 (Morehouse),$98.97
Nike Dunk Low By Kelcey,$150
Nike ZoomX Dragonfly XC,$160
Nike Precision 6,$80
Nike Air Force 1 Mid '07 LV8,$107.97
Jordan Jumpman Team 1,$116.97
Nike Zoom Metcon Turbo 2,$119.97
Nike React Vapor Ultrafly Elite 4,$60.97
AJKO 1,$127.97
Nike Air Force 1 Low Retro QS,$140
Nike Phantom GX Club,$48.97
Nike Infinity Ace Next Nature NRG,$120
Nike Air Max Goadome,$180
Nike ACG Torre Mid Waterproof,$150
Nike Waffle Debut,$75
Nike Air Max 1 '86 OG G NRG,$170
Nike Air Force 1 '07 Premium,$145
Nike Offcourt (Arkansas),$28.97
Nike Attack,$120
Nike Pegasus 40 (Alabama A&M),$98.97
Nike Blazer Mid Pro Club,$86.97
Nike Zoom LeBron 4,$240
Nike Air Pegasus '89,$92.97
Nike Huarache 9 Elite TF LAX SE,$105
LeBron 20,$179.97
Nike Offcourt (Ohio State),$28.97
"Nike Vapor Edge Pro 360 2 ""Ja'Marr Chase""",$125
Nike Burrow,$60
CONVERSE x DRKSHDW,$175
Nike Infinity Pro 2,$110
Nike Air Max Goaterra 2.0,$140
Jordan Series Mid,$58.97
Nike Tech Hera,$82.97
Nike Air Max 90 SE,$119.97
Jordan Max Aura 4,$100.97
Nike College Air Max SYSTM (Ohio State),$110
Nike Air Max 90,$98.97
Nike ZoomX Dragonfly,$160
Nike Air Max 1 Premium,$96.97
Nike Air Max 90 LTR,$89.97
Jordan 6 Rings,$170
Nike Blazer Mid '77 SE,$77.97
Nike Free Run 2018,$69.97
Nike Tiempo Legend 9 Academy MG,$75
Nike SB Zoom Nyjah 3,$110
Nike Air Force 1 Mid '07,$88.97
Nike Air Max Terrascape 90,$89.97
Nike Dunk Low By Italia,$150
Nike Air Force 1 High '07 LV8,$104.97
Nike Pegasus Trail 3 GORE-TEX,$129.97
Nike Alpha Huarache 8 Elite,$110.97
Nike Offcourt (Oregon),$28.97
Nike Tiempo Legend 10 Academy,$85
Nike Pegasus 40 (Arkansas),$98.97
Nike Air Flight '89 Low SP,$160
Nike Huarache 9 Elite Low LAX,$120
Nike ACG Moc,$54.97
"Nike ACG GORE-TEX ""Mountain Fly""",$220
Nike ACG Moc 3.5,$90
Nike SB Blazer Court Mid Premium,$56.97
Jordan Post,$30
Nike Tiempo Legend 9 Elite FG,$195.97
Nike Offcourt (Alabama),$28.97
Jordan Jumpman Team II ,$90.97
Nike Phantom GT2 Academy FlyEase,$72.97
Nike Air Max 1 Premium 2,$108.97
Nike Vapor 15 Academy Mercurial Dream Speed,$95
Nike Pegasus 40 (Arizona),$98.97
Nike Air Force 1 '07 Premium,$150
Nike Pegasus 40 (Delaware State),$98.97
Nike Air Zoom Victory Tour 3 NRG,$135.97
Nike React Infinity 3,$127.97
Nike Air Force 1 Mid x Off-White™,$205
Nike Motiva,$110
Nike Air Force 1 '07 LX,$70.97
Nike G.T. Jump,$153.97
Nike Air Penny 2 QS,$200
Nike Pegasus 40 (Tennessee State),$98.97
Air Jordan XXXVII,$111.97
Nike Vomero 16,$89.97
Nike SB Zoom Blazer Mid Premium,$68.97
Nike Pegasus Trail 3,$99.97
Nike Terminator High (Morehouse),$150
Nike Blazer Mid Pro Club,$68.97
Nike Pegasus 40 (West Virginia),$98.97
Jordan Why Not .5?,$110.97
Nike Air Max 90 NRG,$150
Nike Free Run 2,$69.97
Nike Pegasus 40 (UNC),$98.97
Nike Blazer Mid '77 Jumbo,$86.97
Nike Waffle Debut SE,$80
Nike Blazer Mid '77 Suede,$78.97
Nike Pegasus 40 (Tuskegee),$98.97
Nike Air Max 90 G NRG,$105.97
Nike Metcon 9 EasyOn,$150
Cosmic Unity 3 N7,$123.97
Nike Alphafly 2,$285
Nike Offcourt (Michigan State),$28.97
NikeCourt Air Zoom GP Turbo Osaka,$123.97
Nike Air Force 1 Low Billie,$130
Nike Air Pegasus '89,$78.97
Air Jordan 1 Zoom Air CMFT 2,$160
Nike Air Pegasus '89,$100
Nike Zoom Rotational 6,$110
Nike Blazer Low '77 Jumbo,$71.97
Nike Ultrafly,$260
Jordan 1 Low TD,$140
Nike Streakfly,$170
Nike Pegasus 40 (Spelman),$98.97
Nike Offline 2.0,$91.97
ACG Lowcate x Future Movement,$68.97
Nike Air Max 1 Premium,$80.97
Nike Air Max 1 Premium,$90.97
Nike Pegasus 40 (Texas),$98.97
Nike Alpha Huarache Elite 4 Low MCS,$67.97
Nike Air Max 90,$70.97
"Nike G.T. Cut 2 ""Arike Ogunbowale""",$123.97
Nike Offcourt (Georgia),$28.97
Nike Air Max 97 SE,$131.97
Nike Force Trout 8 Keystone,$37.97
Nike Pegasus 40 (Oregon State),$98.97
Nike Free Run 5.0,$79.97
"Air Jordan 1 High OG ""Satin Bred""",$180
Nike Pegasus 40 (LSU),$98.97
Nike Pole Vault Elite,$130
Nike Offcourt (Oregon State),$28.97
Nike Dunk Low,$120
Jordan Hydro 8 Retro,$52.97
Nike Pegasus 40 (Oklahoma State),$98.97
Nike Offcourt (Florida),$28.97
Tuskegee,$28.97
Nike Air Force 1 Mid '07 QS,$82.97
Nike Air Force 1 Low,$140
Jordan Delta 3 SP,$89.97
Jordan System.23,$93.97
Nike Metcon 9 TB,$150
Air Ship PE x A Ma Maniére,$140
Nike Alpha Huarache 8 Varsity,$76.97
Nike Air Force 1 '07,$84.97
Nike Pegasus 40 (Penn State),$98.97
Nike SFB B2 Realtree®,$180
Nike Offcourt (Clemson),$28.97
Nike Pegasus 40 (Alabama),$98.97
Nike Air Max 97 Be True,$180
Nike SB Nyjah Free 2,$59.97
Nike SB Zoom Blazer Mid x Mason Silva,$88.97
Nike Air Max 1 Premium 2,$160
Nike Air Max 1 '86 Premium,$170
Nike Air Adjust Force Unlocked By You Greatest Gift,$210
NikeCourt Vapor Lite 2,$85
NOCTA Glide,$160
Nike Air Pegasus '89,$85.97
Nike Court Vision Mid Next Nature,$90
FAMU,$28.97
Air Jordan 1 Low SE Craft,$125
Converse x Martine Ali Chuck 70 De Luxe Wedge,$160
Nike Mercurial Vapor 15 Elite,$275
Nike Phantom GX Elite,$275
NikeCourt Air Zoom Vapor AJ3,$113.97
Nike Pegasus 40 (Ohio State),$98.97
Zion 2 TB,$102.97
Nike Air More Uptempo,$85
Nike Zoom LeBron 2 LX,$250
Nike Air Pegasus '89 Premium,$110
Nike Pegasus 40 (Stanford),$98.97
Nike On Deck,$18.97
Nike Air Max 90,$119.97
Nike Air Force 1 Low x UNDEFEATED,$136.97
Nike Air Footscape Woven,$160
Nike Air Monarch IV AMP,$103.97
Nike Air Force 1 React,$97.97
Nike Offcourt (Michigan),$28.97
Jordan Delta 3 Low,$84.97
Duke,$28.97
Nike Air Max 97 OG,$111.97
Nike Air Max 1,$75
Nike Offcourt (Oklahoma),$28.97
Nike SFB Field 2 8”,$144.97
Nike x Future Movement Air Humara,$115.97
Nike College Air Max SYSTM (Michigan State),$110
Nike Air Force 1 '07 Premium,$123.97
Jordan Granville Pro,$108.97
Nike Mercurial Superfly 9 Elite,$300
"Nike Air Trainer 1 ""SB LVIII""",$119.97
Nike Pegasus 40 (NFL Atlanta Falcons),$112.97
Nike Offcourt (NFL Cleveland Browns),$40
Nike Pegasus 40 (NFL Indianapolis Colts),$112.97
Nike Pegasus 39 (NFL Los Angeles Rams),$79.97
Nike Offcourt (NFL Minnesota Vikings),$40
Nike Offcourt (NFL Buffalo Bills),$40
Nike Offcourt (NFL New York Giants),$40
Nike Offcourt (NFL Carolina Panthers),$40
Nike Offcourt (NFL Green Bay Packers),$40
Nike Offcourt (NFL Indianapolis Colts),$40
Nike Offcourt (Washington Football Team),$40
Nike Offcourt (NFL San Francisco 49ers),$40
Nike Offcourt (NFL New York Jets),$40
Nike Offcourt (NFL Cincinnati Bengals),$40
Nike Offcourt (NFL Tennessee Titans),$40
Nike Offcourt (NFL Jacksonville Jaguars),$40
Nike Offcourt (NFL Tampa Bay Buccaneers),$40
Nike Offcourt (NFL Seattle Seahawks),$40
Nike Offcourt (NFL Los Angeles Rams),$40
Nike Offcourt (NFL Detroit Lions),$40
Nike Offcourt (NFL Las Vegas Raiders),$40
Nike Offcourt (NFL Chicago Bears),$40
Nike Offcourt (NFL Kansas City Chiefs),$40
Nike Offcourt (NFL New Orleans Saints),$40
Nike Offcourt (NFL Baltimore Ravens),$40
Nike Offcourt (NFL Pittsburgh Steelers),$40
Nike Offcourt (NFL Los Angeles Chargers),$40
Nike Offcourt (NFL Arizona Cardinals),$40
Nike Offcourt (NFL Atlanta Falcons),$40
Nike Offcourt (NFL Miami Dolphins),$40
Nike Pegasus 40 (NFL Philadelphia Eagles),$140
Nike Offcourt (NFL New England Patriots),$40
Nike Offcourt (NFL Denver Broncos),$35
Nike Pegasus 40 (Pumas UNAM),$83.97
Nike LeBron 9 Low,$95.97
Nike Offcourt (MLB Atlanta Braves),$35
Nike Offcourt (MLB Colorado Rockies),$40
Nike Offcourt (MLB Boston Red Sox),$40
Nike Offcourt (MLB Cincinnati Reds),$40
Nike Offcourt (MLB San Diego Padres),$40
Nike Offcourt (MLB Tampa Bay Rays),$40
Nike Offcourt (MLB Texas Rangers),$40
Nike Offcourt (MLB Atlanta Braves),$40
Nike Offcourt (MLB Chicago White Sox),$40
Nike Offcourt (MLB Philadelphia Phillies),$40
Nike Offcourt (MLB Los Angeles Dodgers),$40
Nike Offcourt (MLB Miami Marlins),$40
Nike Offcourt (MLB New York Yankees),$40
Nike Offcourt (MLB Los Angeles Angels),$40
Nike Offcourt (MLB St. Louis Cardinals),$40
Nike Offcourt (MLB San Francisco Giants),$40
Nike Offcourt (MLB Detroit Tigers),$40
Nike Offcourt (MLB Chicago Cubs),$40
Nike Offcourt (MLB Washington Nationals),$40
Nike Offcourt (MLB New York Mets),$40
Nike Offcourt (MLB Oakland Athletics),$40
Nike Offcourt (MLB Milwaukee Brewers),$40
Nike Offcourt (MLB Baltimore Orioles),$40
Nike Offcourt (MLB Houston Astros),$40
Nike Offcourt (MLB Seattle Mariners),$40
Nike Offcourt (MLB Cleveland),$40
Nike Offcourt (MLB Pittsburgh Pirates),$40
